name,email,website,location,estimatedSize
Japan Wanderers Travel,info@japanwanderers.com,https://japanwanderers.com,Tokyo,medium
Sakura Tours International,reservations@sakuratours.jp,https://sakuratours.jp,Kyoto,large
Rising Sun Adventures,contact@risingsun-adventures.com,https://risingsun-adventures.com,Osaka,small
Cherry Blossom Escapes,bookings@cherryblossomescapes.com,https://cherryblossomescapes.com,Tokyo,medium
Mount Fuji Expeditions,info@mtfujiexpeditions.jp,https://mtfujiexpeditions.jp,Shizuoka,small
Tokyo Discovery Tours,hello@tokyodiscovery.com,https://tokyodiscovery.com,Tokyo,large
Kyoto Cultural Journeys,reservations@kyotoculture.jp,https://kyotoculture.jp,Kyoto,medium
Japan Heritage Travel,contact@japanheritage.travel,https://japanheritage.travel,Tokyo,large
Bamboo Path Tours,info@bamboopathtours.com,https://bamboopathtours.com,Nara,small
Golden Pavilion Travel,bookings@goldenpavilion.jp,https://goldenpavilion.jp,Kyoto,medium
Nippon Explorer Group,sales@nipponexplorer.com,https://nipponexplorer.com,Tokyo,large
Samurai Trail Adventures,info@samuraitrail.jp,https://samuraitrail.jp,Kanazawa,small
Zen Garden Tours,contact@zengardentoursv.com,https://zengardentours.com,Kyoto,medium
Tokyo Bay Cruises,reservations@tokyobaycruises.jp,https://tokyobaycruises.jp,Tokyo,small
Japan Alps Trekking,hello@japanalps-trek.com,https://japanalps-trek.com,Nagano,small
Autumn Leaves Travel,bookings@autumnleaves.travel,https://autumnleaves.travel,Kyoto,medium
Shinkansen Express Tours,info@shinkansen-tours.jp,https://shinkansen-tours.jp,Tokyo,large
Onsen Retreat Planners,contact@onsenretreat.com,https://onsenretreat.com,Hakone,small
Tokyo Foodie Adventures,reservations@tokyofoodie.jp,https://tokyofoodie.jp,Tokyo,medium
Hiroshima Peace Tours,info@hiroshimapeace.travel,https://hiroshimapeace.travel,Hiroshima,small
Fuji Five Lakes Travel,hello@fujifivelakes.jp,https://fujifivelakes.jp,Yamanashi,small
Osaka Castle Tours,bookings@osakacastle-tours.com,https://osakacastle-tours.com,Osaka,medium
Hokkaido Snow Adventures,contact@hokkaidosnow.jp,https://hokkaidosnow.jp,Sapporo,medium
Kansai Cultural Tours,info@kansaiculture.com,https://kansaiculture.com,Osaka,large
Miyajima Island Escapes,reservations@miyajima-escapes.jp,https://miyajima-escapes.jp,Hiroshima,small
Japan Rail Discovery,hello@japanraildiscovery.com,https://japanraildiscovery.com,Tokyo,large
Kamakura Buddhist Tours,info@kamakurabuddhist.jp,https://kamakurabuddhist.jp,Kamakura,small
Nara Deer Park Tours,bookings@naradeer.travel,https://naradeer.travel,Nara,small
Shibuya Night Tours,contact@shibuyanight.jp,https://shibuyanight.jp,Tokyo,medium
Geisha District Walks,reservations@geishadistrict.com,https://geishadistrict.com,Kyoto,small
Japan Garden Society Travel,info@japangardensociety.jp,https://japangardensociety.jp,Kyoto,medium
Tokyo Anime Tours,hello@tokyoanime-tours.com,https://tokyoanime-tours.com,Tokyo,medium
Takayama Mountain Tours,bookings@takayama-mountain.jp,https://takayama-mountain.jp,Gifu,small
Nikko World Heritage Tours,contact@nikko-heritage.travel,https://nikko-heritage.travel,Tochigi,small
Kumano Kodo Pilgrimage,info@kumanokodo.jp,https://kumanokodo.jp,Wakayama,small
Japan Culinary Adventures,reservations@japanculinary.com,https://japanculinary.com,Tokyo,medium
Arashiyama Bamboo Tours,hello@arashiyamabamboo.jp,https://arashiyamabamboo.jp,Kyoto,small
Yokohama Port Tours,bookings@yokohamaport.travel,https://yokohamaport.travel,Yokohama,medium
Kabuki Theater Experiences,contact@kabukitheater.jp,https://kabukitheater.jp,Tokyo,small
Japan Tea Ceremony Tours,info@japantea-ceremony.com,https://japantea-ceremony.com,Kyoto,small
Tsukiji Market Tours,reservations@tsukijimarket-tours.jp,https://tsukijimarket-tours.jp,Tokyo,medium
Sapporo Snow Festival Travel,hello@sapporosnowfestival.com,https://sapporosnowfestival.com,Sapporo,medium
Sumo Wrestling Tours,bookings@sumotours.jp,https://sumotours.jp,Tokyo,small
Nagasaki History Tours,contact@nagasakihistory.travel,https://nagasakihistory.travel,Nagasaki,small
Japan Art Museum Tours,info@japanartmuseums.jp,https://japanartmuseums.jp,Tokyo,medium
Himeji Castle Adventures,reservations@himejicastle.com,https://himejicastle.com,Hyogo,small
Tokyo Skytree Experiences,hello@tokyoskytree-exp.jp,https://tokyoskytree-exp.jp,Tokyo,large
Izu Peninsula Escapes,bookings@izupeninsula.travel,https://izupeninsula.travel,Shizuoka,small
Nagoya Castle Tours,contact@nagoyacastle-tours.jp,https://nagoyacastle-tours.jp,Nagoya,medium
Okinawa Beach Retreats,info@okinawabeach.com,https://okinawabeach.com,Okinawa,medium
Japan Whisky Trail,reservations@japanwhiskytrail.jp,https://japanwhiskytrail.jp,Hokkaido,small
Kobe Beef Tours,hello@kobebeef-tours.com,https://kobebeef-tours.com,Kobe,small
Fukuoka Ramen Tours,bookings@fukuokaramen.jp,https://fukuokaramen.jp,Fukuoka,medium
Matsumoto Castle Travel,contact@matsumotocastle.travel,https://matsumotocastle.travel,Nagano,small
Tokyo Disney Experience,info@tokyodisney-exp.com,https://tokyodisney-exp.com,Chiba,large
Roppongi Nightlife Tours,reservations@ropponginightlife.jp,https://ropponginightlife.jp,Tokyo,small
Fushimi Inari Hikes,hello@fushimiinari-hikes.com,https://fushimiinari-hikes.com,Kyoto,small
Japan Skiing Adventures,bookings@japanskiing.jp,https://japanskiing.jp,Nagano,medium
Osaka Dotonbori Tours,contact@dotonbori-tours.travel,https://dotonbori-tours.travel,Osaka,medium
Kanazawa Gold Leaf Tours,info@kanazawagoldleaf.jp,https://kanazawagoldleaf.jp,Kanazawa,small
Tokyo Imperial Palace,reservations@imperialpalace-tours.com,https://imperialpalace-tours.com,Tokyo,medium
Beppu Hot Springs Travel,hello@beppuhotsprings.jp,https://beppuhotsprings.jp,Oita,small
Shirakawago Village Tours,bookings@shirakawago.travel,https://shirakawago.travel,Gifu,medium
Gion Corner Experiences,contact@gioncorner.jp,https://gioncorner.jp,Kyoto,small
Akihabara Anime Tours,info@akihabara-anime.com,https://akihabara-anime.com,Tokyo,medium
Lake Biwa Tours,reservations@lakebiwa-tours.jp,https://lakebiwa-tours.jp,Shiga,small
Tokyo Gardens Walk,hello@tokyogardens.com,https://tokyogardens.com,Tokyo,small
Asakusa Temple Tours,bookings@asakusatemple.travel,https://asakusatemple.travel,Tokyo,medium
Koyasan Sacred Mountain,contact@koyasan-sacred.jp,https://koyasan-sacred.jp,Wakayama,small
Harajuku Fashion Tours,info@harajukufashion.com,https://harajukufashion.com,Tokyo,medium
Sendai Castle Tours,reservations@sendaicastle.jp,https://sendaicastle.jp,Sendai,small
Kurashiki Bikan Historical,hello@kurashikibikan.travel,https://kurashikibikan.travel,Okayama,small
Tokyo Robot Restaurant,bookings@tokyorobot-tours.com,https://tokyorobot-tours.com,Tokyo,medium
Kyoto Philosophers Path,contact@philosopherspath.jp,https://philosopherspath.jp,Kyoto,small
Hakone Open Air Museum,info@hakone-museum.com,https://hakone-museum.com,Kanagawa,small
Ueno Park Cherry Blossoms,reservations@uenopark-tours.jp,https://uenopark-tours.jp,Tokyo,medium
Takao Mountain Hiking,hello@takaomountain.travel,https://takaomountain.travel,Tokyo,small
Enoshima Island Escapes,bookings@enoshima-island.jp,https://enoshima-island.jp,Kanagawa,small
Tokyo Teamlab Borderless,contact@teamlab-tours.com,https://teamlab-tours.com,Tokyo,large
Odaiba Bay Tours,info@odaibabay.jp,https://odaibabay.jp,Tokyo,medium
Meiji Shrine Experiences,reservations@meijishrine-tours.com,https://meijishrine-tours.com,Tokyo,medium
Ginza Shopping Tours,hello@ginzashopping.jp,https://ginzashopping.jp,Tokyo,large
Atami Onsen Retreats,bookings@atamionsen.travel,https://atamionsen.travel,Shizuoka,small
Kawaguchiko Lake Tours,contact@kawaguchiko-tours.jp,https://kawaguchiko-tours.jp,Yamanashi,medium
Shimokitazawa Vintage Tours,info@shimokitazawa-vintage.com,https://shimokitazawa-vintage.com,Tokyo,small
Narita Temple Tours,reservations@naritatemple.jp,https://naritatemple.jp,Chiba,small
Omotesando Architecture,hello@omotesando-arch.travel,https://omotesando-arch.travel,Tokyo,medium
Yanaka Old Town Walks,bookings@yanakaoldtown.jp,https://yanakaoldtown.jp,Tokyo,small
Tottori Sand Dunes Tours,contact@tottorisand.com,https://tottorisand.com,Tottori,small
Kagoshima Volcano Tours,info@kagoshimavolcano.jp,https://kagoshimavolcano.jp,Kagoshima,medium
Tokyo Bar Hopping,reservations@tokyobarhopping.travel,https://tokyobarhopping.travel,Tokyo,medium
Ise Jingu Shrine Pilgrimage,hello@isejingu.jp,https://isejingu.jp,Mie,small
Dazaifu Tenmangu Tours,bookings@dazaifutenmangu.com,https://dazaifutenmangu.com,Fukuoka,small
Shinjuku Night Photography,contact@shinjukunight-photo.jp,https://shinjukunight-photo.jp,Tokyo,small
Kusatsu Onsen Travel,info@kusatsuonsen.travel,https://kusatsuonsen.travel,Gunma,small
Tokyo Sumo Stables,reservations@tokyosumo-stables.jp,https://tokyosumo-stables.jp,Tokyo,medium
Kinkakuji Golden Temple,hello@kinkakuji-tours.com,https://kinkakuji-tours.com,Kyoto,medium
Tsuwano Little Kyoto,bookings@tsuwano-tours.jp,https://tsuwano-tours.jp,Shimane,small
Mount Takao Cable Car,contact@takao-cablecar.travel,https://takao-cablecar.travel,Tokyo,small
Kawasaki Daishi Temple,info@kawasakidaishi.jp,https://kawasakidaishi.jp,Kanagawa,small
Tokyo Street Food Tours,reservations@tokyostreetfood.com,https://tokyostreetfood.com,Tokyo,large
Sanja Matsuri Festival,hello@sanjamatsuri.jp,https://sanjamatsuri.jp,Tokyo,small
Chichibu Night Festival,bookings@chichibu-festival.travel,https://chichibu-festival.travel,Saitama,small
Tokyo Calligraphy Classes,contact@tokyocalligraphy.jp,https://tokyocalligraphy.jp,Tokyo,small
Hakuba Ski Resort,info@hakubaski-tours.com,https://hakubaski-tours.com,Nagano,medium
Kamikochi Alpine Tours,reservations@kamikochi-alpine.jp,https://kamikochi-alpine.jp,Nagano,small
Tokyo Origami Workshops,hello@tokyoorigami.travel,https://tokyoorigami.travel,Tokyo,small
Nara Todaiji Temple,bookings@todaiji-tours.jp,https://todaiji-tours.jp,Nara,medium
Hida Takayama Old Town,contact@hidatakayama.com,https://hidatakayama.com,Gifu,small
Tokyo Sushi Making Classes,info@tokyosushi-classes.jp,https://tokyosushi-classes.jp,Tokyo,large
Uji Matcha Tea Tours,reservations@ujimatcha.travel,https://ujimatcha.travel,Kyoto,small
Yokohama Chinatown Tours,hello@yokohamachinatown.jp,https://yokohamachinatown.jp,Yokohama,medium
Mount Mitake Hiking,bookings@mitake-hiking.com,https://mitake-hiking.com,Tokyo,small
Iwakuni Kintaikyo Bridge,contact@iwakuni-bridge.jp,https://iwakuni-bridge.jp,Yamaguchi,small
Tokyo Ikebana Classes,info@tokyoikebana.travel,https://tokyoikebana.travel,Tokyo,small
Shibuya Crossing Tours,reservations@shibuyacrossing.jp,https://shibuyacrossing.jp,Tokyo,large
Kumamoto Castle Tours,hello@kumamotocastle.com,https://kumamotocastle.com,Kumamoto,medium
Kamakura Great Buddha,bookings@kamakurabuddha.jp,https://kamakurabuddha.jp,Kamakura,medium
Tokyo Cat Cafe Tours,contact@tokyocatcafe.travel,https://tokyocatcafe.travel,Tokyo,small
Naoshima Art Island,info@naoshima-art.jp,https://naoshima-art.jp,Kagawa,small
Takayama Morning Markets,reservations@takayamamarkets.com,https://takayamamarkets.com,Gifu,small
Tokyo Izakaya Hopping,hello@tokyoizakaya.jp,https://tokyoizakaya.jp,Tokyo,medium
Otaru Canal Romantic Walk,bookings@otarucanal.travel,https://otarucanal.travel,Hokkaido,small
Nikko Toshogu Shrine,contact@nikkotoshogu.jp,https://nikkotoshogu.jp,Tochigi,medium
Tsukuba Science City,info@tsukubascience.com,https://tsukubascience.com,Ibaraki,small
Tokyo Pokemon Center Tours,reservations@tokyopokemon.jp,https://tokyopokemon.jp,Tokyo,medium
Kobe Harborland,hello@kobeharborland.travel,https://kobeharborland.travel,Kobe,medium
Huis Ten Bosch Dutch Theme,bookings@huistenbosch-tours.jp,https://huistenbosch-tours.jp,Nagasaki,large
Tokyo Maid Cafe Experience,contact@tokyomaidcafe.com,https://tokyomaidcafe.com,Tokyo,small
Zao Fox Village,info@zaofoxvillage.jp,https://zaofoxvillage.jp,Miyagi,small
Tokyo Ninja Restaurant,reservations@tokyoninja.travel,https://tokyoninja.travel,Tokyo,medium
Kyoto Toei Studio Park,hello@kyototoei.jp,https://kyototoei.jp,Kyoto,medium
Matsushima Bay Cruise,bookings@matsushimabay.com,https://matsushimabay.com,Miyagi,small
Tokyo Vintage Shopping,contact@tokyovintage.travel,https://tokyovintage.travel,Tokyo,medium
Kanazawa Samurai District,info@kanazawasamurai.jp,https://kanazawasamurai.jp,Kanazawa,medium
Gotemba Premium Outlets,reservations@gotembaoutlets.com,https://gotembaoutlets.com,Shizuoka,medium
Tokyo Karaoke Tours,hello@tokyokaraoke-tours.jp,https://tokyokaraoke-tours.jp,Tokyo,medium
Kinosaki Onsen Town,bookings@kinosakionsen.travel,https://kinosakionsen.travel,Hyogo,small
Tokyo Ghibli Museum,contact@tokyoghibli-tours.jp,https://tokyoghibli-tours.jp,Tokyo,large
Kamakura Hasedera Temple,info@hasedera-tours.com,https://hasedera-tours.com,Kamakura,small
Aomori Nebuta Festival,reservations@aomorinebuta.jp,https://aomorinebuta.jp,Aomori,medium
Tokyo E-Bike Tours,hello@tokyoebike.travel,https://tokyoebike.travel,Tokyo,medium
Inuyama Castle Tours,bookings@inuyamacastle.jp,https://inuyamacastle.jp,Aichi,small
Tokyo Ramen Museum,contact@tokyoramen-museum.com,https://tokyoramen-museum.com,Tokyo,large
Ashikaga Flower Park,info@ashikagaflower.jp,https://ashikagaflower.jp,Tochigi,medium
Takamatsu Ritsurin Garden,reservations@ritsuringarden.travel,https://ritsuringarden.travel,Kagawa,small
Tokyo Sumida River Cruise,hello@sumidariver-cruise.jp,https://sumidariver-cruise.jp,Tokyo,medium
Hida Folk Village,bookings@hidafolk.com,https://hidafolk.com,Gifu,small
Tokyo Wagyu Beef Tours,contact@tokyowagyu.travel,https://tokyowagyu.travel,Tokyo,large
Okayama Korakuen Garden,info@korakuengarden.jp,https://korakuengarden.jp,Okayama,medium
Hakodate Morning Market,reservations@hakodatemarket.com,https://hakodatemarket.com,Hokkaido,small
Tokyo Yakatabune Dinner,hello@tokyoyakatabune.jp,https://tokyoyakatabune.jp,Tokyo,medium
Kurobe Alpine Route,bookings@kurobe-alpine.travel,https://kurobe-alpine.travel,Toyama,medium
Tokyo Taiko Drumming,contact@tokyotaiko.jp,https://tokyotaiko.jp,Tokyo,small
Gero Onsen Hot Springs,info@geroonsen.com,https://geroonsen.com,Gifu,small
Tokyo Cherry Blossom Forecast,reservations@tokyosakura.travel,https://tokyosakura.travel,Tokyo,large
Biei Blue Pond Tours,hello@bieiblue-pond.jp,https://bieiblue-pond.jp,Hokkaido,small
Tokyo Sake Tasting Tours,bookings@tokyosake.com,https://tokyosake.com,Tokyo,medium
Onomichi Temple Walk,contact@onomichitemple.jp,https://onomichitemple.jp,Hiroshima,small
Tokyo Secondhand Bookstores,info@tokyobookstores.travel,https://tokyobookstores.travel,Tokyo,small
Takaragawa Onsen Rotenburo,reservations@takaragawa.jp,https://takaragawa.jp,Gunma,small
Tokyo Specialty Coffee Tours,hello@tokyocoffee-tours.com,https://tokyocoffee-tours.com,Tokyo,medium
Aso Caldera Volcano Tours,bookings@asocaldera.travel,https://asocaldera.travel,Kumamoto,small
Tokyo Vending Machine Tour,contact@tokyovending.jp,https://tokyovending.jp,Tokyo,small
Wakayama Castle Tours,info@wakayamacastle.com,https://wakayamacastle.com,Wakayama,small
Tokyo Sake Brewery Visit,reservations@tokyobrewery.jp,https://tokyobrewery.jp,Tokyo,medium
Shiretoko National Park,hello@shiretoko-tours.travel,https://shiretoko-tours.travel,Hokkaido,medium
Tokyo Underground Tours,bookings@tokyounderground.jp,https://tokyounderground.jp,Tokyo,small
Morioka Wanko Soba,contact@wankosoba.com,https://wankosoba.com,Iwate,small
Tokyo Cicada Listening Tour,info@tokyocicada.travel,https://tokyocicada.travel,Tokyo,small
Okunoshima Rabbit Island,reservations@rabbitisland.jp,https://rabbitisland.jp,Hiroshima,medium
Tokyo Convenience Store Tours,hello@tokyoconbini.com,https://tokyoconbini.com,Tokyo,small
Hachiko Memorial Tours,bookings@hachiko-tours.jp,https://hachiko-tours.jp,Tokyo,medium
Tenryuji Temple Zen Garden,contact@tenryuji-tours.travel,https://tenryuji-tours.travel,Kyoto,small
Tokyo Department Store Food,info@tokyodepachika.jp,https://tokyodepachika.jp,Tokyo,medium